Course number,Course title,Units,Type,Section,Session,Time,Days,Seats,Registered,Instructor,Term,Department,Year,Semester,AY
PPD-240g,Citizenship and Public Ethics,4.0 units,Lecture,51110D,1.0,12:00-1:50pm,"Tue, Thu",42.0,33.0,William Resh,20231,PPD,2023,SP,AY23
PPD-245g,The Urban Context,4.0 units,Lecture,51106D,1.0,10:00-11:50am,"Tue, Thu",58.0,53.0,Dowell Myers,20231,PPD,2023,SP,AY23
,,,Lecture,51109D,1.0,4:00-5:50pm,"Mon, Wed",25.0,0.0,Genevieve Giuliano,20231,PPD,2023,SP,AY23
,,,Lecture,51121D,1.0,12:00-1:50pm,"Mon, Wed",50.0,50.0,Elizabeth Currid-Halkett,20231,PPD,2023,SP,AY23
PPD-301,PPD Practices: Internship Seminar,2.0 units,Lecture,51104D,1.0,6:30-8:20pm,Tuesday,36.0,36.0,Lauren Opgenorth,20231,PPD,2023,SP,AY23
PPD-303,"Statistics for Policy, Planning, and Development",4.0 units,Lecture,51105R,1.0,12:00-1:50pm,"Mon, Wed",28.0,25.0,Mark Phillips,20231,PPD,2023,SP,AY23
,,,Lecture,51107R,1.0,12:00-1:50pm,"Tue, Thu",30.0,28.0,Julie Zissimopoulos,20231,PPD,2023,SP,AY23
,,,Lecture,51108R,1.0,10:00-11:50am,"Mon, Wed",28.0,19.0,Mark Phillips,20231,PPD,2023,SP,AY23
PPD-314,Public Policy and Law,4.0 units,Lecture,51118R,1.0,6:00-9:20pm,Wednesday,41.0,33.0,Frank Zerunyan,20231,PPD,2023,SP,AY23
PPD-320,Organizational Behavior in Public Administration,4.0 units,Lecture,51113R,1.0,12:00-1:50pm,"Tue, Thu",20.0,0.0,Howard Greenwald,20231,PPD,2023,SP,AY23
PPD-325,Fundamentals of Health Policy and Management,4.0 units,Lecture,51120R,1.0,10:00-11:50am,"Mon, Wed",32.0,24.0,Genevieve Kanter,20231,PPD,2023,SP,AY23
PPD-330,Introduction to Health Care Systems,4.0 units,Lecture,51102R,1.0,9:00-12:20pm,Friday,33.0,33.0,Glenn Melnick,20231,PPD,2023,SP,AY23
PPD-357,Government and Business,4.0 units,Lecture,51127R,1.0,10:00-11:50am,"Tue, Thu",32.0,30.0,Michael Thom,20231,PPD,2023,SP,AY23
PPD-361,"Sustainable Communities, Policy and Planning",4.0 units,Lecture,51141R,1.0,9:00-12:20pm,Friday,32.0,24.0,Zissis Marmarelis,20231,PPD,2023,SP,AY23
PPD-371,The Nonprofit Sector and the Public Interest,4.0 units,Lecture,51130R,1.0,4:00-5:50pm,"Tue, Thu",32.0,20.0,Alexandra Graddy-Reed,20231,PPD,2023,SP,AY23
PPD-382,International Development,4.0 units,Lecture,51151R,1.0,9:00-12:20pm,Friday,32.0,0.0,Annette Kim,20231,PPD,2023,SP,AY23
PPD-400,Topics in Public Policy and Urban Studies,4.0 units,Lecture,51123R,1.0,12:00-1:50pm,"Tue, Thu",25.0,19.0,David Sloane,20231,PPD,2023,SP,AY23
PPD-402,Management of Public and Nonprofit Organizations,4.0 units,Lecture,51136R,1.0,6:00-9:20pm,Monday,22.0,22.0,Deborah Natoli,20231,PPD,2023,SP,AY23
PPD-407,Financial Management of Public and Nonprofit Organizations,4.0 units,Lecture,51124R,1.0,6:00-9:20pm,Wednesday,32.0,12.0,Baqhar Syed,20231,PPD,2023,SP,AY23
PPD-410,Comparative Urban Development,4.0 units,Lecture,51115R,1.0,6:00-9:20pm,Wednesday,25.0,24.0,Rym Kaki,20231,PPD,2023,SP,AY23
PPD-412,GeoDesign Practicum,4.0 units,Lecture-Lab,35667R,1.0,2:00-5:50pm,Monday,22.0,10.0,Guoping Huang,20231,PPD,2023,SP,AY23
PPD-414,Community Health Policy and Planning,4.0 units,Lecture,51128R,1.0,10:00-11:50am,"Tue, Thu",32.0,23.0,Lavonna Lewis,20231,PPD,2023,SP,AY23
PPD-415,Health Policy,4.0 units,Lecture,51125R,1.0,2:00-3:50pm,"Mon, Wed",32.0,20.0,Darius Lakdawalla,20231,PPD,2023,SP,AY23
PPD-422,Transportation and Technology and the Future of Mobility,4.0 units,Lecture,51139R,1.0,6:00-9:20pm,Monday,32.0,32.0,Selika Talbott Justine Johnson,20231,PPD,2023,SP,AY23
PPD-427L,Geographic Information Systems and Planning Applications,4.0 units,Lecture-Lab,51145R,1.0,6:00-9:20pm,Monday,33.0,31.0,Pedro Spindler-Ruiz,20231,PPD,2023,SP,AY23
PPD-431,"Undergraduate Policy, Planning, and Development Studio",4.0 units,Lecture,51132R,1.0,10:00-11:50am,"Wed, Fri",22.0,16.0,Roberto Suro,20231,PPD,2023,SP,AY23
,,,Lecture,51133R,1.0,6:00-9:20pm,Tuesday,23.0,22.0,Todd Gish,20231,PPD,2023,SP,AY23
,,,Lecture,51134R,1.0,8:00-9:50am,"Mon, Wed",22.0,22.0,Donald Spivack,20231,PPD,2023,SP,AY23
,,,Lecture,51135R,1.0,12:00-1:50pm,"Mon, Wed",25.0,25.0,Beth Zollars,20231,PPD,2023,SP,AY23
,,,Lecture,51350D,544.0,8:30-11:50am,Wednesday,12.0,10.0,Donald Spivack,20231,PPD,2023,SP,AY23
PPD-478,Social Innovation,4.0 units,Lecture,51137R,1.0,10:00-11:50am,"Mon, Wed",32.0,29.0,Nicolas Duquette,20231,PPD,2023,SP,AY23
PPD-490x,Directed Research,"1.0-8.0 units, max 12",Lecture,51140D,1.0,TBA,,10.0,0.0,Samantha Malisos,20231,PPD,2023,SP,AY23
PPD-497b,Senior Thesis,2.0 units,Lecture,51138D,1.0,TBA,,10.0,0.0,Samantha Malisos,20231,PPD,2023,SP,AY23
PPD-499,Special Topics,"1.0-8.0 units, max 8",,,,,,,,,20231,PPD,2023,SP,AY23
,Behavioral Science for Health and Environmental Policy,4.0,Lecture,51155R,1.0,12:00-1:50pm,"Tue, Thu",32.0,0.0,Wandi Bruine de Bruin,20231,PPD,2023,SP,AY23
,The Art and Science of Leadership,4.0,Lecture,51156R,1.0,6:00-9:20pm,Wednesday,20.0,19.0,Deborah Natoli,20231,PPD,2023,SP,AY23
PPD-501a,"Economics for Policy, Planning and Development",2.0 units,Lecture,51351D,785.0,6:00-7:50pm,Thursday,35.0,25.0,Ke Ye,20231,PPD,2023,SP,AY23
PPD-503,Economics for Public Policy,4.0 units,Lecture,51220R,1.0,6:00-9:20pm,Tuesday,66.0,61.0,Antonio Bento,20231,PPD,2023,SP,AY23
,,,Lecture,51460D,593.0,-,,20.0,0.0,,20231,PPD,2023,SP,AY23
,,,Lecture,51461D,593.0,TBA,,40.0,34.0,Joshua Russell-Fritch,20231,PPD,2023,SP,AY23
PPD-504,Essential Statistics for Public Management,2.0 units,Lecture,51234R,1.0,2:00-3:50pm,Wednesday,28.0,27.0,Ali Nowroozi,20231,PPD,2023,SP,AY23
,,,Lecture,51236R,1.0,6:00-7:50pm,Tuesday,28.0,28.0,Cheng-Yi Lin,20231,PPD,2023,SP,AY23
,,,Lecture,51403D,530.0,6:00-7:30pm,Tuesday,28.0,14.0,Gentian Droboniku,20231,PPD,2023,SP,AY23
,,,Lecture,51462D,593.0,TBA,,20.0,12.0,John Calanni,20231,PPD,2023,SP,AY23
,,,Lecture,51463D,593.0,TBA,,20.0,15.0,John Calanni,20231,PPD,2023,SP,AY23
PPD-510a,Financial Management of Health Services,4.0 units,Lecture,51200D,1.0,6:00-9:20pm,Thursday,20.0,14.0,Samuel King,20231,PPD,2023,SP,AY23
,,,Lecture,51278D,1.0,6:00-9:20pm,Tuesday,22.0,21.0,Norris Gunby,20231,PPD,2023,SP,AY23
,,,Lecture,51281D,1.0,6:00-9:20pm,Monday,22.0,21.0,Norris Gunby,20231,PPD,2023,SP,AY23
PPD-511,Health Information Systems,2.0 units,Lecture,51780D,820.0,TBA,,15.0,12.0,Sean Johnson,20231,PPD,2023,SP,AY23
PPD-512,Health Administration Residency Seminar,2.0 units,Lecture,51277D,1.0,6:00-7:50pm,Wednesday,80.0,55.0,Michael Low,20231,PPD,2023,SP,AY23
PPD-514,Economic Concepts Applied to Health,4.0 units,Lecture,51201D,1.0,6:00-9:20pm,Thursday,22.0,22.0,Jevay Grooms,20231,PPD,2023,SP,AY23
,,,Lecture,51275D,1.0,6:00-9:20pm,Tuesday,22.0,21.0,Rosalie Pacula,20231,PPD,2023,SP,AY23
,,,Lecture,51313D,791.0,TBA,,20.0,15.0,Genevieve Kanter,20231,PPD,2023,SP,AY23
PPD-515,Strategic Management of Health Organizations,4.0 units,Lecture,51204D,1.0,6:00-9:20pm,Wednesday,45.0,44.0,Philip Dalton,20231,PPD,2023,SP,AY23
,,,Lecture,51266D,1.0,6:00-9:20pm,Thursday,40.0,36.0,Philip Dalton,20231,PPD,2023,SP,AY23
PPD-518,Quality of Care Concepts,2.0 units,Lecture,51781D,820.0,TBA,,28.0,23.0,Michael Nichol,20231,PPD,2023,SP,AY23
,,,Lecture,51782D,820.0,TBA,,10.0,7.0,Michael Nichol,20231,PPD,2023,SP,AY23
PPD-523,Urban and International Development,4.0 units,Lecture,51212R,1.0,2:00-5:20pm,Thursday,80.0,80.0,Marlon Boarnet,20231,PPD,2023,SP,AY23
PPD-528,Physical Planning: Urban and Community Design,2.0 units,Lecture,51222R,1.0,2:00-3:50pm,Tuesday,47.0,53.0,Elizabeth Falletta,20231,PPD,2023,SP,AY23
PPD-529,Planning Law and Legal Frameworks of Planning,2.0 units,Lecture,51286R,1.0,6:00-7:50pm,Thursday,90.0,48.0,Nicole Kuklok-Waldman,20231,PPD,2023,SP,AY23
PPD-540,Fundamentals of Public Administration,4.0 units,Lecture,51464D,593.0,TBA,,25.0,13.0,Kelly Rawlings,20231,PPD,2023,SP,AY23
PPD-541,Public Financial Management and Budgeting,4.0 units,Lecture,51243R,1.0,6:00-9:20pm,Wednesday,29.0,28.0,Bill Kelly,20231,PPD,2023,SP,AY23
,,,Lecture,51246R,1.0,2:00-5:20pm,Thursday,29.0,29.0,Michael Thom,20231,PPD,2023,SP,AY23
,,,Lecture,51298R,1.0,6:00-9:20pm,Tuesday,32.0,17.0,Mark Alvarado,20231,PPD,2023,SP,AY23
,,,Lecture,51465D,593.0,TBA,,25.0,23.0,John Calanni,20231,PPD,2023,SP,AY23
PPD-542,Policy and Program Evaluation,4.0 units,Lecture,51352D,785.0,2:00-5:20pm,Wednesday,40.0,36.0,Sohaela Amiri,20231,PPD,2023,SP,AY23
,,,Lecture,51466D,593.0,TBA,,20.0,18.0,William Leach,20231,PPD,2023,SP,AY23
PPD-543,Internship Seminar,1.0 unit,Lecture,51216R,1.0,6:00-7:50pm,Tuesday,18.0,10.0,Valerie Savior,20231,PPD,2023,SP,AY23
,,,Lecture,51223R,1.0,2:00-3:50pm,Wednesday,18.0,16.0,Thomas Eng,20231,PPD,2023,SP,AY23
,,,Lecture,51467D,593.0,TBA,,20.0,12.0,Dominic Alletto,20231,PPD,2023,SP,AY23
PPD-545,Public and Nonprofit Organizational Behavior,4.0 units,Lecture,51402D,530.0,TBA,,28.0,22.0,Paul Danczyk,20231,PPD,2023,SP,AY23
,,,Lecture,51468D,593.0,TBA,,25.0,22.0,Kelly Rawlings,20231,PPD,2023,SP,AY23
PPD-546,Capstone in Public Administration,4.0 units,Lecture,51247D,1.0,2:00-5:20pm,Tuesday,23.0,23.0,Donald Morgan,20231,PPD,2023,SP,AY23
,,,Lecture,51248D,1.0,6:00-9:20pm,Monday,24.0,24.0,Peter Robertson,20231,PPD,2023,SP,AY23
,,,Lecture,51265D,1.0,6:00-9:20pm,Wednesday,23.0,23.0,William Resh,20231,PPD,2023,SP,AY23
,,,Lecture,51269D,1.0,6:00-9:20pm,Thursday,23.0,19.0,Nicole Esparza,20231,PPD,2023,SP,AY23
,,,Lecture,51401D,530.0,TBA,,28.0,21.0,Lois Takahashi,20231,PPD,2023,SP,AY23
,,,Lecture,51469D,593.0,TBA,,30.0,15.0,Tara Blanc,20231,PPD,2023,SP,AY23
,,,Lecture,51470D,593.0,TBA,,20.0,17.0,Tara Blanc,20231,PPD,2023,SP,AY23
PPD-552,Managing and Financing Public Engineering Works,3.0 units,Lecture,29762R,48.0,6:30-8:50pm,Monday,25.0,0.0,,20231,PPD,2023,SP,AY23
PPD-554,Foundations of Policy Analysis,4.0 units,Lecture,51471D,593.0,TBA,,25.0,13.0,Dora Kingsley Vertenten,20231,PPD,2023,SP,AY23
PPD-555,Public Policy Formulation and Implementation,4.0 units,Lecture,51285D,1.0,6:00-9:20pm,Tuesday,29.0,29.0,Grace Nadel,20231,PPD,2023,SP,AY23
,,,Lecture,51287D,1.0,2:00-5:20pm,Wednesday,32.0,25.0,Jeffery Jenkins,20231,PPD,2023,SP,AY23
,,,Lecture,51354D,785.0,2:00-5:20pm,Tuesday,20.0,14.0,Gayla Kraetsch-Hartsough,20231,PPD,2023,SP,AY23
,,,Lecture,51400D,530.0,TBA,,28.0,13.0,Mindy Romero,20231,PPD,2023,SP,AY23
,,,Lecture,51472D,593.0,TBA,,25.0,22.0,Matthew Wheeler,20231,PPD,2023,SP,AY23
PPD-557,Modeling and Operations Research,4.0 units,Lecture,51221R,1.0,6:00-9:20pm,Tuesday,32.0,0.0,Jeffrey Smith,20231,PPD,2023,SP,AY23
PPD-558,Multivariate Statistical Analysis,4.0 units,Lecture,51283D,1.0,6:00-9:20pm,Thursday,34.0,33.0,T.J. Mccarthy,20231,PPD,2023,SP,AY23
PPD-560,Methods for Policy Analysis,4.0 units,Lecture,51224D,1.0,6:00-9:20pm,Wednesday,30.0,27.0,Mark Phillips,20231,PPD,2023,SP,AY23
,,,Lecture,51267D,1.0,2:00-5:20pm,Thursday,28.0,28.0,T.J. Mccarthy,20231,PPD,2023,SP,AY23
PPD-561b,Policy Analysis Practicum,3.0 units,Lecture,51225D,1.0,10:00-12:20pm,Tuesday,28.0,28.0,Juliet Musso,20231,PPD,2023,SP,AY23
,,,Lecture,51226D,1.0,10:00-12:20pm,Tuesday,25.0,24.0,Grace Bahng,20231,PPD,2023,SP,AY23
,,,Lecture,51227D,1.0,10:00-12:20pm,Tuesday,20.0,19.0,Alexandra Graddy-Reed,20231,PPD,2023,SP,AY23
PPD-569,Applied International Policy Analysis and Management Project,4.0 units,Lecture,51355D,785.0,9:00-12:20pm,Monday,17.0,17.0,Vikram Jadhav,20231,PPD,2023,SP,AY23
PPD-572,Special Issues in International Public Policy,"1.0-4.0 units, max 12",Lecture,51356D,785.0,10:00-11:50am,Thursday,20.0,18.0,Frank Zerunyan,20231,PPD,2023,SP,AY23
PPD-582,Transportation System Security and Emergency Management,4.0 units,Lecture,29818R,48.0,6:00-9:20pm,Wednesday,20.0,12.0,Shahed Rowshan,20231,PPD,2023,SP,AY23
PPD-590,Directed Research,1.0-12.0 units,Lecture,51299D,1.0,TBA,,20.0,6.0,Samantha Malisos,20231,PPD,2023,SP,AY23
PPD-594b,Master's Thesis,2.0 units,Lecture,51229R,1.0,TBA,,10.0,0.0,Samantha Malisos,20231,PPD,2023,SP,AY23
PPD-596,Internship for Curricular Practical Training,"1.0-3.0 units, max 3",Lecture,51291D,1.0,TBA,,20.0,3.0,Valerie Savior,20231,PPD,2023,SP,AY23
PPD-599,Special Topics,"2.0-8.0 units, max 8",,,,,,,,,20231,PPD,2023,SP,AY23
,Advanced Urban Analytics,4.0,Lecture,51289R,1.0,2:00-5:20pm,Wednesday,25.0,12.0,Geoff Boeing,20231,PPD,2023,SP,AY23
,Foundations of Environmental Policy,4.0,Lecture,51293D,1.0,2:00-5:20pm,Monday,32.0,13.0,Antonio Bento,20231,PPD,2023,SP,AY23
,Data Visualization for Policy Analysis,4.0,Lecture,51296R,1.0,2:00-5:20pm,Monday,32.0,23.0,Grace Bahng,20231,PPD,2023,SP,AY23
,"Planning for Resilience: Natural Hazards, Climate Risks, and Vulnerability",4.0,Lecture,51297R,1.0,2:00-5:20pm,Tuesday,32.0,21.0,Santina Contreras,20231,PPD,2023,SP,AY23
,Price International Lab,4.0,Lecture,51311D,550.0,TBA,,20.0,20.0,Elizabeth Graddy,20231,PPD,2023,SP,AY23
PPD-600,Management of Managed Care Organizations,2.0 units,Lecture,51290R,1.0,6:00-7:50pm,Thursday,25.0,0.0,,20231,PPD,2023,SP,AY23
,,,Lecture,51309R,790.0,TBA,,25.0,7.0,Denny Hooten,20231,PPD,2023,SP,AY23
PPD-604,Seminar in Hospital Administration,4.0 units,Lecture,51307R,790.0,TBA,,35.0,35.0,Victor Pena,20231,PPD,2023,SP,AY23
PPD-620,General Plans,4.0 units,Lecture,51241R,1.0,6:00-9:20pm,Tuesday,80.0,16.0,Woodie Tescher,20231,PPD,2023,SP,AY23
PPD-625,Planning and Economic Development Finance,4.0 units,Lecture,51237R,1.0,6:00-9:20pm,Wednesday,40.0,31.0,Ben Feingold,20231,PPD,2023,SP,AY23
PPD-627,Design Skills for Urban Planners,4.0 units,Lecture,51262R,1.0,6:00-9:20pm,Thursday,35.0,21.0,Kevin Wronske,20231,PPD,2023,SP,AY23
PPD-629,Capstone in Urban Planning,4.0 units,Lecture,51219D,1.0,6:00-9:20pm,Wednesday,22.0,10.0,Emily Finkel,20231,PPD,2023,SP,AY23
,,,Lecture,51238D,1.0,2:00-5:20pm,Thursday,30.0,24.0,Deepak Bahl,20231,PPD,2023,SP,AY23
,,,Lecture,51239D,1.0,6:00-9:20pm,Thursday,22.0,22.0,Lia Soorenian,20231,PPD,2023,SP,AY23
,,,Lecture,51240D,1.0,6:00-9:20pm,Tuesday,22.0,23.0,Ryan Kucinski,20231,PPD,2023,SP,AY23
PPD-631,"Geographic Information Systems for Policy, Planning, and Development",2.0 units,Lecture,51308R,790.0,TBA,,24.0,18.0,Barry Waite Bonnie Shrewsbury,20231,PPD,2023,SP,AY23
PPD-647,Finance of the Public Sector,4.0 units,Lecture,51288R,1.0,6:00-9:20pm,Monday,28.0,23.0,Michael Thom,20231,PPD,2023,SP,AY23
PPD-651,Seminar in the Administration of Local Government,4.0 units,Lecture,51231R,1.0,6:00-9:20pm,Wednesday,32.0,9.0,Carl Alameda,20231,PPD,2023,SP,AY23
,,,Lecture,51473D,593.0,TBA,,25.0,23.0,Matthew Wheeler,20231,PPD,2023,SP,AY23
PPD-672,Collaborative Governance,4.0 units,Lecture,51245R,1.0,6:00-9:20pm,Thursday,32.0,31.0,Frank Zerunyan,20231,PPD,2023,SP,AY23
PPD-673,Strategic Planning in the Public Sector,4.0 units,Lecture,51310R,790.0,TBA,,32.0,30.0,Norris Gunby,20231,PPD,2023,SP,AY23
PPD-675,Nonprofit Management and Leadership,4.0 units,Lecture,51271R,1.0,6:00-9:20pm,Monday,26.0,23.0,Nicole Esparza,20231,PPD,2023,SP,AY23
PPD-677,International Development Administration,4.0 units,Lecture,51244R,1.0,6:00-9:20pm,Monday,32.0,18.0,Rym Kaki,20231,PPD,2023,SP,AY23
PPD-694,Coastal Policy and Planning,4.0 units,Lecture,51202R,1.0,2:00-5:20pm,Wednesday,32.0,0.0,James Fawcett,20231,PPD,2023,SP,AY23
PPD-697,Cultural Proficiency in Health Management and Policy,2.0 units,Lecture,51282R,1.0,6:00-7:50pm,Tuesday,24.0,7.0,Lavonna Lewis,20231,PPD,2023,SP,AY23
PPD-700,Teaching Seminar,2.0 units,Lecture,51292D,1.0,12:00-1:50pm,Wednesday,8.0,8.0,Deborah Natoli,20231,PPD,2023,SP,AY23
PPD-710b,Research Seminar,2.0 units,Lecture,51284D,1.0,2:00-3:50pm,Wednesday,8.0,8.0,Dowell Myers,20231,PPD,2023,SP,AY23
PPD-790,Research,"1.0-12.0 units, max 18",Lecture,51252D,1.0,TBA,,25.0,14.0,Samantha Malisos,20231,PPD,2023,SP,AY23
PPD-794a,Doctoral Dissertation,2.0 units,Lecture,51254D,1.0,TBA,,10.0,2.0,Juliet Musso,20231,PPD,2023,SP,AY23
PPD-794b,Doctoral Dissertation,2.0 units,Lecture,51255D,1.0,TBA,,12.0,11.0,Juliet Musso,20231,PPD,2023,SP,AY23
PPD-794c,Doctoral Dissertation,2.0 units,Lecture,51256D,1.0,TBA,,10.0,0.0,Juliet Musso,20231,PPD,2023,SP,AY23
PPD-794d,Doctoral Dissertation,2.0 units,Lecture,51257D,1.0,TBA,,11.0,11.0,Juliet Musso,20231,PPD,2023,SP,AY23
PPD-794z,Doctoral Dissertation,0.0 units,Lecture,51258D,1.0,TBA,,20.0,15.0,Juliet Musso,20231,PPD,2023,SP,AY23
PPDE-505,Professional Workshop in Public Administration,2.0 units,Lecture,50907D,1.0,6:00-7:50pm,Thursday,25.0,23.0,Laura Wittcoff,20231,PPDE,2023,SP,AY23
,,,Lecture,50908D,1.0,6:00-7:50pm,Wednesday,25.0,25.0,Kelly Rawlings,20231,PPDE,2023,SP,AY23
,,,Lecture,50991D,530.0,TBA,,28.0,14.0,Tara Blanc,20231,PPDE,2023,SP,AY23
,,,Lecture,51054D,790.0,TBA,,25.0,4.0,Eric Alegria,20231,PPDE,2023,SP,AY23
PPDE-506,Professional Residency in Public Administration,1.0 unit,Lecture,51072D,596.0,TBA,,25.0,17.0,Dora Kingsley Vertenten,20231,PPDE,2023,SP,AY23
PPDE-580,Social Innovation,4.0 units,Lecture,50900R,1.0,6:00-9:20pm,Tuesday,32.0,22.0,Christine Beckman,20231,PPDE,2023,SP,AY23
PPDE-610,Population Health Management,2.0 units,Lecture,51053R,791.0,TBA,,25.0,17.0,Ellen Rudy,20231,PPDE,2023,SP,AY23
PPDE-613,Analytics and Operations for Healthcare Management,2.0 units,Lecture,51057D,790.0,TBA,,65.0,58.0,Dan Mirakhor Antoinne Harris David Wolvek,20231,PPDE,2023,SP,AY23
PPDE-628,Introduction to Lean Health Care,2.0 units,Lecture,51052R,790.0,-,,25.0,0.0,Trent Lim,20231,PPDE,2023,SP,AY23
PPDE-634,"Methodology, Methods and Tools for Urban Sustainability",2.0-4.0 units,Lecture,50901R,1.0,6:00-9:20pm,Monday,40.0,37.0,Lauren Faber O'Connor Elizabeth Crosson,20231,PPDE,2023,SP,AY23
PPDE-635,Housing and Land Use in Rapidly Urbanizing Regions,4.0 units,Lecture,50903R,1.0,8:30-11:50am,Wednesday,50.0,24.0,Annette Kim,20231,PPDE,2023,SP,AY23
PPDE-641,Art and the City,4.0 units,Lecture,50916R,1.0,8:30-11:50am,Monday,30.0,14.0,Elizabeth Currid-Halkett,20231,PPDE,2023,SP,AY23
PPDE-644,Land Use and Transportation Planning,4.0 units,Lecture,50904R,1.0,2:00-5:20pm,Monday,30.0,21.0,Genevieve Giuliano,20231,PPDE,2023,SP,AY23
PPDE-646,Grant Writing Practicum,2.0 units,Lecture,51051R,790.0,10:00-11:50am,Thursday,26.0,23.0,Rachel Reed,20231,PPDE,2023,SP,AY23
PPDE-648,Performance Management,4.0 units,Lecture,50917R,1.0,6:00-9:20pm,Wednesday,32.0,15.0,John Drake,20231,PPDE,2023,SP,AY23
PPDE-664,Seminar in Social Justice and Public Policy,4.0 units,Lecture,50905R,1.0,6:00-9:20pm,Tuesday,32.0,24.0,Alisa Orduna,20231,PPDE,2023,SP,AY23
PPDE-668,Applied Econometrics for Program Evaluation,4.0 units,Lecture,50910D,1.0,2:00-5:20pm,Wednesday,32.0,16.0,T.J. Mccarthy,20231,PPDE,2023,SP,AY23
PPDE-671,Economic Analysis of Education Policy,4.0 units,Lecture,50919R,1.0,6:00-9:20pm,Thursday,24.0,14.0,Jonathan Schweig,20231,PPDE,2023,SP,AY23
PPDE-672,An Exploration of the Intelligence Community - from Policy to Cyber Espionage,4.0 units,Lecture,50923R,1.0,6:00-9:20pm,Wednesday,32.0,22.0,Michael Orosz,20231,PPDE,2023,SP,AY23
PPDE-680,Board Governance and Leadership,2.0 units,Lecture,50912R,1.0,6:00-7:50pm,Wednesday,26.0,21.0,Claire Peeps,20231,PPDE,2023,SP,AY23
PPDE-681,Fund Development for Nonprofit Organizations,4.0 units,Lecture,50913R,1.0,6:00-9:20pm,Monday,26.0,11.0,Lorri Grubaugh,20231,PPDE,2023,SP,AY23
PLUS-653,Leading Change and Innovation in Urban Communities,4.0 units,Lecture,51557D,1.0,TBA,,18.0,9.0,Peter Robertson,20231,PLUS,2023,SP,AY23
PLUS-660,Economics of a Productive Development - A Public/Private Perspective,3.0 units,Lecture,51531D,919.0,5:30-6:45pm,Wednesday,25.0,0.0,Sherry Okun-Rudnak,20231,PLUS,2023,SP,AY23
PLUS-661,Politics and Process of Urban Development,2.0 units,Lecture,51533D,919.0,5:30-6:30pm,Tuesday,25.0,0.0,Clifford Graves,20231,PLUS,2023,SP,AY23
PLUS-662,Planning and Development Case Study,1.0 unit,Lecture,51580D,545.0,-,,25.0,0.0,Sherry Okun-Rudnak,20231,PLUS,2023,SP,AY23
PLUS-663,Designing Livable Environments I,1.0 unit,Lecture,51581D,545.0,-,,25.0,0.0,Elizabeth Falletta,20231,PLUS,2023,SP,AY23
PLUS-664,Urban Political Economy and Urban Development,2.0 units,Lecture,51534D,919.0,5:30-6:30pm,Tuesday,25.0,13.0,Nicole Kuklok-Waldman,20231,PLUS,2023,SP,AY23
PLUS-665,Economics for a Productive City,3.0 units,Lecture,51536D,919.0,5:30-6:45pm,Thursday,25.0,13.0,Allen Prohofsky,20231,PLUS,2023,SP,AY23
PLUS-669,Designing Livable Environments II,1.0 unit,Lecture,51582D,545.0,TBA,,25.0,12.0,Elizabeth Falletta,20231,PLUS,2023,SP,AY23
PLUS-670,Communicating Data for Planning and Development,1.0 unit,Lecture,51583D,545.0,TBA,,25.0,12.0,Andrzej Rutkowski,20231,PLUS,2023,SP,AY23
PLUS-671,Leading a Collaborative City,3.0 units,Lecture,51540D,919.0,5:30-7:00pm,Monday,25.0,7.0,Michael Woo,20231,PLUS,2023,SP,AY23
PLUS-672,Integrating Concepts for Action,2.0 units,Lecture,51541D,919.0,5:30-6:30pm,Wednesday,25.0,8.0,Jason Neville,20231,PLUS,2023,SP,AY23
PLUS-694a,"Planning, Design and Development Professional Dissertation",2.0 units,Lecture,51550D,1.0,TBA,,18.0,0.0,Juliet Musso,20231,PLUS,2023,SP,AY23
PLUS-694b,"Planning, Design and Development Professional Dissertation",2.0 units,Lecture,51551D,1.0,TBA,,18.0,4.0,Juliet Musso,20231,PLUS,2023,SP,AY23
PLUS-694c,"Planning, Design and Development Professional Dissertation",2.0 units,Lecture,51552D,1.0,TBA,,18.0,0.0,Juliet Musso,20231,PLUS,2023,SP,AY23
PLUS-694d,"Planning, Design and Development Professional Dissertation",2.0 units,Lecture,51553D,1.0,TBA,,18.0,4.0,Juliet Musso,20231,PLUS,2023,SP,AY23
PLUS-694z,"Planning, Design and Development Professional Dissertation",0.0 units,Lecture,51554D,1.0,TBA,,18.0,4.0,Juliet Musso,20231,PLUS,2023,SP,AY23
RED-200,Introduction to Real Estate,4.0 units,Lecture,51650R,1.0,8:30-11:50am,Friday,40.0,31.0,Mark Zikakis,20231,RED,2023,SP,AY23
,,,Lecture,51651R,1.0,10:00-11:50am,"Mon, Wed",85.0,80.0,John Loper,20231,RED,2023,SP,AY23
RED-201,Real Estate Career Seminar,2.0 units,Lecture,51652D,1.0,4:00-5:50pm,Wednesday,30.0,30.0,Sonia Savoulian,20231,RED,2023,SP,AY23
,,,Lecture,51653D,1.0,6:00-7:50pm,Wednesday,30.0,30.0,Garland Fuller,20231,RED,2023,SP,AY23
RED-301,Real Estate Internship Seminar,1.0 unit,Lecture,51654D,1.0,TBA,,20.0,17.0,Julia Toothacre,20231,RED,2023,SP,AY23
RED-325,Introduction to Finance in Cities,4.0 units,Lecture,51655R,1.0,2:00-3:50pm,"Mon, Wed",60.0,60.0,John Loper,20231,RED,2023,SP,AY23
RED-351,Land Use Regulation,4.0 units,Lecture,51656R,1.0,6:00-9:20pm,Wednesday,25.0,0.0,Silvia Saucedo,20231,RED,2023,SP,AY23
RED-362,Real Estate Development Fundamentals,4.0 units,Lecture,51657R,1.0,8:00-9:50am,"Tue, Thu",90.0,87.0,Mary Lynne Boorn,20231,RED,2023,SP,AY23
RED-375,Real Estate Development Analysis,4.0 units,Lecture,51659R,1.0,9:00-12:20pm,Friday,25.0,25.0,John Loper,20231,RED,2023,SP,AY23
,,,Lecture,51660R,1.0,10:00-11:50am,"Mon, Wed",25.0,19.0,Moussa Diop,20231,RED,2023,SP,AY23
RED-398,Shaping Cities Through Real Estate,"2.0-4.0 units, max 8",,,,,,,,,20231,RED,2023,SP,AY23
,Residential Properties,4.0,Lecture,51661R,1.0,6:00-9:20pm,Monday,32.0,31.0,Aleks Baharlo,20231,RED,2023,SP,AY23
,Retail Properties,4.0,Lecture,51662R,1.0,6:00-9:20pm,Thursday,30.0,30.0,Bret Nielsen,20231,RED,2023,SP,AY23
RED-417,History of Planning and Development,4.0 units,Lecture,51663R,1.0,10:00-11:50am,"Tue, Thu",80.0,83.0,Cara Mullio,20231,RED,2023,SP,AY23
RED-425,Designing Livable Communities,4.0 units,Lecture,51664R,1.0,6:00-9:20pm,Thursday,26.0,25.0,Naomi Neville,20231,RED,2023,SP,AY23
,,,Lecture,51665R,1.0,12:00-1:50pm,"Mon, Wed",28.0,28.0,Elizabeth Falletta,20231,RED,2023,SP,AY23
,,,Lecture,51666R,1.0,6:00-9:20pm,Wednesday,25.0,25.0,Zerik Scales,20231,RED,2023,SP,AY23
RED-435,Analyzing Real Estate Markets,4.0 units,Lecture,51667R,1.0,6:00-9:20pm,Monday,32.0,32.0,William Fishel Matthew Stewart,20231,RED,2023,SP,AY23
,,,Lecture,51668R,1.0,12:00-1:50pm,"Tue, Thu",33.0,33.0,Mary Lynne Boorn,20231,RED,2023,SP,AY23
RED-437,Advanced Finance and Investment for Real Estate Development,4.0 units,Lecture,51669D,1.0,6:00-9:20pm,Tuesday,25.0,25.0,Nate Munson,20231,RED,2023,SP,AY23
,,,Lecture,51670R,1.0,8:00-9:50am,"Tue, Thu",25.0,20.0,Spencer Couts,20231,RED,2023,SP,AY23
RED-469,Mixed Use Development Process,4.0 units,Lecture,51689D,532.0,9:00-11:50am,Friday,11.0,11.0,Richard Green,20231,RED,2023,SP,AY23
RED-490,Directed Research,"1.0-8.0 units, max 12",Lecture,51699D,1.0,TBA,,10.0,0.0,Samantha Malisos,20231,RED,2023,SP,AY23
RED-510,Real Estate Practice and Principles,4.0 units,Lecture,51600D,38.0,6:00-9:30pm,Monday,30.0,30.0,Joel Bryant,20231,RED,2023,SP,AY23
RED-512,Real Estate Project Analysis,4.0 units,Lecture,51601D,38.0,6:00-9:30pm,Monday,15.0,13.0,Terri Dickerhoff,20231,RED,2023,SP,AY23
RED-545,Advanced Real Estate and Financial Modeling,2.0 units,Lecture,51602D,38.0,TBA,,20.0,8.0,Ehud Mouchly,20231,RED,2023,SP,AY23
RED-546,Applications of Real Estate Finance to Problems of Development,3.0 units,Lecture,51604D,38.0,6:00-8:50pm,Tuesday,20.0,13.0,Christian Redfearn,20231,RED,2023,SP,AY23
,,,Lecture,51620D,38.0,2:00-4:50pm,Wednesday,25.0,14.0,Christian Redfearn,20231,RED,2023,SP,AY23
,,,Lab,51605R,38.0,2:00-3:50pm,Tuesday,50.0,26.0,Iain Gulin,20231,RED,2023,SP,AY23
RED-575L,Community Design and Site Planning,"2.0-4.0 units, max 8",Lecture,51607D,38.0,2:00-5:20pm,Monday,20.0,10.0,Steven Kellenberg Doug Pearl Carl Meyer Ronald Nestor,20231,RED,2023,SP,AY23
,,,Lecture,51608D,38.0,6:00-9:20pm,Monday,20.0,17.0,Steven Kellenberg Doug Pearl Carl Meyer Ronald Nestor,20231,RED,2023,SP,AY23
,,,Lab,51610R,38.0,TBA,,50.0,27.0,Steven Kellenberg Douglas Pearl,20231,RED,2023,SP,AY23
RED-585,Comparative International Development Workshop,2.0-4.0 units,Lecture,51649D,548.0,TBA,,15.0,13.0,Richard Green,20231,RED,2023,SP,AY23
RED-590,Directed Research,1.0-12.0 units,Lecture,51630D,38.0,TBA,,10.0,2.0,Mary Lynne Boorn,20231,RED,2023,SP,AY23
RED-598,Real Estate Product Development,"2.0-4.0 units, max 12",,,,,,,,,20231,RED,2023,SP,AY23
,Urban Infill,2.0,Lecture,51611D,38.0,12:00-1:50pm,Thursday,20.0,15.0,Mott Smith,20231,RED,2023,SP,AY23
,Affordable Housing,2.0,Lecture,51613D,38.0,6:00-7:50pm,Tuesday,20.0,11.0,Van Scott,20231,RED,2023,SP,AY23
,Hotel/Resort Development,2.0,Lecture,51614D,38.0,4:00-5:50pm,Thursday,20.0,15.0,,20231,RED,2023,SP,AY23
,Multi-Family Development,2.0,Lecture,51615D,38.0,6:00-7:50pm,Wednesday,26.0,25.0,Christopher Payne,20231,RED,2023,SP,AY23
,Retail Development,2.0,Lecture,51617D,38.0,6:00-7:50pm,Thursday,25.0,17.0,Jeffrey Kreshek,20231,RED,2023,SP,AY23
HMGT-520,Leading People and Health Care Organizations,4.0 units,Lecture,51710D,820.0,TBA,,15.0,7.0,Lisa Ozaeta,20231,HMGT,2023,SP,AY23
HMGT-540,"Health Economics, Financing and Reimbursement",4.0 units,Lecture,51711D,820.0,TBA,,20.0,17.0,Paul Ginsburg,20231,HMGT,2023,SP,AY23
,,,Lecture,51712D,820.0,TBA,,20.0,20.0,Paul Ginsburg,20231,HMGT,2023,SP,AY23
HMGT-565,Managing the Organization's Financial Health,4.0 units,Lecture,51713D,820.0,TBA,,15.0,9.0,Lisa Ozaeta,20231,HMGT,2023,SP,AY23
HMGT-575,Managing and Improving Health,4.0 units,Lecture,51714D,820.0,TBA,,30.0,26.0,Michael Harris,20231,HMGT,2023,SP,AY23
HMGT-600,Managing Risk,2.0 units,Lecture,51715D,820.0,TBA,,10.0,8.0,Michael Harris,20231,HMGT,2023,SP,AY23
HMGT-602,Operational Efficiency Processes in Health Care Organizations,2.0 units,Lecture,51716D,820.0,TBA,,20.0,20.0,Stanley Augustine,20231,HMGT,2023,SP,AY23
,,,Lecture,51717D,820.0,TBA,,23.0,21.0,Stanley Augustine,20231,HMGT,2023,SP,AY23
HMGT-603,Developing &amp; Monitoring of Quality &amp; Patient Safety Outcomes,2.0 units,Lecture,51718D,820.0,TBA,,10.0,7.0,Gary Blackard,20231,HMGT,2023,SP,AY23
PPD-203,Economic Analysis for Public Policy,4.0 units,Lecture,51112R,1.0,12:00-1:50pm,"Mon, Wed",32.0,19.0,Mark Phillips,20223,PPD,2022,F,AY23
PPD-225,Public Policy and Management,4.0 units,Lecture,51101R,1.0,12:00-1:50pm,"Tue, Thu",70.0,56.0,Michael Thom,20223,PPD,2022,F,AY23
PPD-227,Urban Planning and Development,4.0 units,Lecture,51100R,1.0,6:00-9:20pm,Thursday,32.0,25.0,Ken Bernstein,20223,PPD,2022,F,AY23
PPD-240g,Citizenship and Public Ethics,4.0 units,Lecture,51140D,1.0,12:00-1:50pm,"Mon, Wed",41.0,41.0,Grace Bahng,20223,PPD,2022,F,AY23
PPD-245g,The Urban Context,4.0 units,Lecture,51105D,1.0,2:00-3:50pm,"Mon, Wed",65.0,66.0,Marlon Boarnet,20223,PPD,2022,F,AY23
,,,Lecture,51127D,1.0,10:00-11:50am,"Tue, Thu",65.0,62.0,Todd Gish,20223,PPD,2022,F,AY23
PPD-300,Social Justice Issues in Public Policy and Urban Planning,4.0 units,Lecture,51119R,1.0,12:00-1:50pm,"Tue, Thu",32.0,31.0,Lavonna Lewis,20223,PPD,2022,F,AY23
PPD-301,PPD Practices: Internship Seminar,2.0 units,Lecture,51126D,1.0,6:30-8:20pm,Tuesday,30.0,27.0,Lauren Opgenorth,20223,PPD,2022,F,AY23
,,,Lecture,51129D,1.0,6:30-8:20pm,Wednesday,30.0,30.0,Laura Denbow,20223,PPD,2022,F,AY23
PPD-303,"Statistics for Policy, Planning, and Development",4.0 units,Lecture,51102R,1.0,2:00-3:50pm,"Tue, Thu",31.0,31.0,Norris Gunby,20223,PPD,2022,F,AY23
,,,Lecture,51104R,1.0,10:00-11:50am,"Mon, Wed",30.0,29.0,John Romley,20223,PPD,2022,F,AY23
,,,Lecture,51107R,1.0,2:00-3:50pm,"Mon, Wed",30.0,30.0,John Romley,20223,PPD,2022,F,AY23
PPD-313,Finance of the Public Sector,4.0 units,Lecture,51113R,1.0,12:00-1:50pm,"Tue, Thu",32.0,29.0,Mark Phillips,20223,PPD,2022,F,AY23
PPD-314,Public Policy and Law,4.0 units,Lecture,51115R,1.0,6:00-9:20pm,Monday,32.0,32.0,Stephen Pfahler,20223,PPD,2022,F,AY23
PPD-315,Analytic Foundations for Public Policy,4.0 units,Lecture,51106R,1.0,10:00-11:50am,"Tue, Thu",40.0,39.0,Pamela Mccann,20223,PPD,2022,F,AY23
PPD-325,Fundamentals of Health Policy and Management,4.0 units,Lecture,51108R,1.0,12:00-1:50pm,"Mon, Wed",32.0,17.0,Alice Chen,20223,PPD,2022,F,AY23
PPD-342,Crime and Public Policy,4.0 units,Lecture,51118R,1.0,6:00-9:20pm,Tuesday,32.0,32.0,Candice Cobarrubias,20223,PPD,2022,F,AY23
PPD-353,Philanthropy and Social Change,4.0 units,Lecture,51152R,1.0,2:00-3:50pm,"Tue, Thu",32.0,21.0,Nicole Esparza,20223,PPD,2022,F,AY23
PPD-357,Government and Business,4.0 units,Lecture,51139R,1.0,10:00-11:50am,"Tue, Thu",31.0,31.0,Michael Thom,20223,PPD,2022,F,AY23
PPD-360,Urban Transportation Planning and Policy,4.0 units,Lecture,51116R,1.0,6:00-9:20pm,Tuesday,32.0,30.0,Selika Talbott Justine Johnson,20223,PPD,2022,F,AY23
PPD-371,The Nonprofit Sector and the Public Interest,4.0 units,Lecture,51123R,1.0,4:00-5:50pm,"Tue, Thu",32.0,30.0,Cara Esposito,20223,PPD,2022,F,AY23
PPD-373,Public Policy and Planning Analysis,4.0 units,Lecture,51114R,1.0,8:00-9:50am,"Tue, Thu",32.0,20.0,Alison Holt,20223,PPD,2022,F,AY23
PPD-400,Topics in Public Policy and Urban Studies,4.0 units,Lecture,51131R,1.0,6:00-9:20pm,Monday,25.0,21.0,Alison Linder,20223,PPD,2022,F,AY23
PPD-404,Empirical Methods for Public Policy,4.0 units,Lecture,51149R,1.0,8:00-9:50am,"Wed, Fri",32.0,0.0,T.J. Mccarthy,20223,PPD,2022,F,AY23
PPD-413,Administration of Health Care Organizations,4.0 units,Lecture,51147R,1.0,10:00-11:50am,"Mon, Wed",32.0,12.0,Philip Dalton,20223,PPD,2022,F,AY23
PPD-431,"Undergraduate Policy, Planning, and Development Studio",4.0 units,Lecture,51120R,1.0,6:00-9:20pm,Wednesday,20.0,19.0,Ryan Kurtzman,20223,PPD,2022,F,AY23
,,,Lecture,51121R,1.0,6:00-9:20pm,Monday,20.0,15.0,Pedro Spindler-Ruiz,20223,PPD,2022,F,AY23
,,,Lecture,51128R,1.0,6:00-9:20pm,Tuesday,20.0,20.0,Lauren Ballard,20223,PPD,2022,F,AY23
PPD-439,Housing and Community Development,4.0 units,Lecture,51132R,1.0,6:00-9:20pm,Wednesday,32.0,30.0,Jennifer Thomas,20223,PPD,2022,F,AY23
PPD-478,Social Innovation,4.0 units,Lecture,51125R,1.0,10:00-11:50am,"Mon, Wed",32.0,0.0,Alexandra Graddy-Reed,20223,PPD,2022,F,AY23
PPD-490x,Directed Research,"1.0-8.0 units, max 12",Lecture,51135D,1.0,TBA,,10.0,0.0,Samantha Malisos,20223,PPD,2022,F,AY23
PPD-497a,Senior Thesis,2.0 units,Lecture,51146D,1.0,TBA,,10.0,0.0,Samantha Malisos,20223,PPD,2022,F,AY23
PPD-503,Economics for Public Policy,4.0 units,Lecture,51216D,1.0,2:00-5:20pm,Tuesday,58.0,62.0,T.J. Mccarthy,20223,PPD,2022,F,AY23
,,,Lecture,51217D,1.0,6:00-9:20pm,Tuesday,72.0,56.0,T.J. Mccarthy,20223,PPD,2022,F,AY23
,,,Lecture,51405D,530.0,TBA,,29.0,28.0,Robert Ingenito,20223,PPD,2022,F,AY23
PPD-504,Essential Statistics for Public Management,2.0 units,Lecture,51288R,1.0,6:00-7:50pm,Wednesday,28.0,24.0,Ali Nowroozi,20223,PPD,2022,F,AY23
PPD-506,Introduction to Microeconomics: Applications in Health,2.0 units,Lecture,51515D,1.0,12:00-1:50pm,Monday,28.0,18.0,Neeraj Sood,20223,PPD,2022,F,AY23
,,,Lecture,51516D,1.0,4:00-5:50pm,Monday,45.0,39.0,Neeraj Sood,20223,PPD,2022,F,AY23
PPD-508,Health Care Operations Improvement,3.0 units,Lecture,31508D,48.0,6:40-9:20pm,Wednesday,28.0,27.0,David Belson,20223,PPD,2022,F,AY23
,,,Lecture,31708D,34.0,6:40-9:20pm,Wednesday,10.0,4.0,David Belson,20223,PPD,2022,F,AY23
PPD-509,Problems and Issues in the Health Field,4.0 units,Lecture,51206D,1.0,6:00-9:20pm,Wednesday,24.0,19.0,Howard Greenwald,20223,PPD,2022,F,AY23
,,,Lecture,51275D,1.0,2:00-5:20pm,Tuesday,26.0,25.0,Philip Dalton,20223,PPD,2022,F,AY23
,,,Lecture,51309D,791.0,TBA,,22.0,15.0,Lavonna Lewis,20223,PPD,2022,F,AY23
PPD-510b,Financial Management of Health Services,2.0 units,Lecture,51308R,790.0,TBA,,20.0,13.0,Denny Hooten,20223,PPD,2022,F,AY23
PPD-513,Legal Issues in Health Care Delivery,2.0 units,Lecture,51303D,791.0,TBA,,30.0,28.0,Ian Spatz,20223,PPD,2022,F,AY23
,,,Lecture,51306D,791.0,TBA,,36.0,35.0,Anu Banerjee,20223,PPD,2022,F,AY23
,,,Lecture,51307D,791.0,TBA,,28.0,16.0,Carl Gardner,20223,PPD,2022,F,AY23
PPD-516,Financial Accounting for Health Care Organizations,4.0 units,Lecture,51271D,1.0,6:00-9:20pm,Monday,22.0,21.0,Samuel King,20223,PPD,2022,F,AY23
,,,Lecture,51272D,1.0,6:00-9:20pm,Tuesday,23.0,23.0,Norris Gunby,20223,PPD,2022,F,AY23
,,,Lecture,51278D,1.0,6:00-9:20pm,Thursday,20.0,13.0,Norris Gunby,20223,PPD,2022,F,AY23
PPD-518,Quality of Care Concepts,2.0 units,Lecture,51778D,820.0,TBA,,26.0,11.0,Michael Harris,20223,PPD,2022,F,AY23
,,,Lecture,51779D,820.0,-,,10.0,0.0,,20223,PPD,2022,F,AY23
PPD-522,Planning Theory and History for a Just Society,4.0 units,Lecture,51200R,1.0,2:00-5:20pm,Wednesday,90.0,73.0,David Sloane,20223,PPD,2022,F,AY23
PPD-531L,Planning Studio,"4.0-12.0 units, max 12",Lecture-Lab,51212D,1.0,8:30-11:50am,Thursday,26.0,26.0,Donald Spivack,20223,PPD,2022,F,AY23
,,,Lecture-Lab,51213D,1.0,6:00-9:20pm,Tuesday,26.0,26.0,Eric Shen,20223,PPD,2022,F,AY23
,,,Lecture-Lab,51241D,1.0,6:00-9:20pm,Thursday,25.0,25.0,Peter Enzminger,20223,PPD,2022,F,AY23
PPD-534,"Data, Evidence, and Communication of the Public Good",4.0 units,Lecture,51509R,1.0,6:00-9:20pm,Thursday,60.0,57.0,Griffin Kantz,20223,PPD,2022,F,AY23
PPD-540,Fundamentals of Public Administration,4.0 units,Lecture,51219R,1.0,6:00-9:20pm,Monday,31.0,30.0,Danyao Li,20223,PPD,2022,F,AY23
,,,Lecture,51245R,1.0,2:00-5:20pm,Tuesday,30.0,31.0,Danyao Li,20223,PPD,2022,F,AY23
,,,Lecture,51246R,1.0,6:00-9:20pm,Thursday,18.0,0.0,,20223,PPD,2022,F,AY23
,,,Lecture,51252R,1.0,6:00-9:20pm,Tuesday,32.0,29.0,William Resh,20223,PPD,2022,F,AY23
,,,Lecture,51400D,530.0,TBA,,28.0,14.0,William Resh,20223,PPD,2022,F,AY23
,,,Lecture,51471D,593.0,TBA,,30.0,22.0,Tara Blanc,20223,PPD,2022,F,AY23
PPD-541,Public Financial Management and Budgeting,4.0 units,Lecture,51401D,530.0,TBA,,28.0,23.0,Gentian Droboniku,20223,PPD,2022,F,AY23
,,,Lecture,51460D,593.0,TBA,,18.0,18.0,John Calanni,20223,PPD,2022,F,AY23
,,,Lecture,51461D,593.0,TBA,,18.0,14.0,John Calanni,20223,PPD,2022,F,AY23
PPD-542,Policy and Program Evaluation,4.0 units,Lecture,51222R,1.0,6:00-9:20pm,Tuesday,24.0,24.0,Howard Greenwald,20223,PPD,2022,F,AY23
,,,Lecture,51237R,1.0,6:00-9:20pm,Monday,23.0,23.0,Nicole Esparza,20223,PPD,2022,F,AY23
PPD-543,Internship Seminar,1.0 unit,Lecture,51220R,1.0,6:00-7:50pm,Wednesday,24.0,23.0,Thomas Eng,20223,PPD,2022,F,AY23
PPD-545,Public and Nonprofit Organizational Behavior,4.0 units,Lecture,51226R,1.0,2:00-5:20pm,Wednesday,32.0,32.0,Deborah Natoli,20223,PPD,2022,F,AY23
,,,Lecture,51240R,1.0,2:00-5:20pm,Thursday,32.0,32.0,Howard Greenwald,20223,PPD,2022,F,AY23
,,,Lecture,51249R,1.0,6:00-9:20pm,Tuesday,32.0,28.0,Deborah Natoli,20223,PPD,2022,F,AY23
,,,Lecture,51267R,1.0,6:00-9:20pm,Monday,32.0,29.0,Peter Robertson,20223,PPD,2022,F,AY23
,,,Lecture,51473D,593.0,TBA,,20.0,11.0,Kelly Rawlings,20223,PPD,2022,F,AY23
PPD-546,Capstone in Public Administration,4.0 units,Lecture,51463D,593.0,TBA,,30.0,15.0,Dora Kingsley Vertenten,20223,PPD,2022,F,AY23
,,,Lecture,51464D,593.0,TBA,,20.0,13.0,Dora Kingsley Vertenten,20223,PPD,2022,F,AY23
PPD-554,Foundations of Policy Analysis,4.0 units,Lecture,51276D,1.0,2:00-5:20pm,Thursday,32.0,32.0,Ryan Alcantara,20223,PPD,2022,F,AY23
,,,Lecture,51277D,1.0,6:00-9:20pm,Wednesday,32.0,22.0,Nicholas Cain,20223,PPD,2022,F,AY23
,,,Lecture,51274D,1.0,10:00-11:50am,"Mon, Wed",30.0,29.0,Grace Bahng,20223,PPD,2022,F,AY23
PPD-557,Modeling and Operations Research,4.0 units,Lecture,51208R,1.0,6:00-9:20pm,Tuesday,32.0,14.0,Jeffrey Smith,20223,PPD,2022,F,AY23
PPD-558,Multivariate Statistical Analysis,4.0 units,Lecture,51221D,1.0,2:00-5:20pm,Tuesday,34.0,32.0,Emma Aguila Vega,20223,PPD,2022,F,AY23
,,,Lecture,51224D,1.0,2:00-5:20pm,Wednesday,33.0,31.0,Julie Zissimopoulos,20223,PPD,2022,F,AY23
,,,Lecture,51247D,1.0,6:00-9:20pm,Thursday,31.0,26.0,Dan Wei,20223,PPD,2022,F,AY23
,,,Lecture,51273D,1.0,10:00-11:50am,"Tue, Thu",34.0,32.0,Emma Aguila Vega,20223,PPD,2022,F,AY23
PPD-561a,Policy Analysis Practicum,1.0 unit,Lecture,51268D,1.0,10:00-11:50am,Tuesday,29.0,28.0,Juliet Musso,20223,PPD,2022,F,AY23
,,,Lecture,51269D,1.0,10:00-11:50am,Tuesday,25.0,25.0,Grace Bahng,20223,PPD,2022,F,AY23
,,,Lecture,51270D,1.0,10:00-11:50am,Tuesday,20.0,20.0,Alexandra Graddy-Reed,20223,PPD,2022,F,AY23
PPD-569,Applied International Policy Analysis and Management Project,4.0 units,Lecture,51351D,785.0,2:00-5:20pm,Tuesday,30.0,30.0,Jeffrey Wasserman,20223,PPD,2022,F,AY23
PPD-570,"Applied Statistics for Planning, Policy, and Management",4.0 units,Lecture,51352D,785.0,6:00-9:20pm,Monday,50.0,40.0,Cheng-Yi Lin,20223,PPD,2022,F,AY23
PPD-571,International Public Policy and Management Seminar,4.0 units,Lecture,51356D,785.0,8:30-11:50am,Wednesday,40.0,39.0,Rym Kaki,20223,PPD,2022,F,AY23
,,,Lecture,51357D,785.0,-,,25.0,0.0,,20223,PPD,2022,F,AY23
PPD-572,Special Issues in International Public Policy,"1.0-4.0 units, max 12",Lecture,51354D,785.0,8:30-11:50am,Thursday,30.0,14.0,Robert Myrtle,20223,PPD,2022,F,AY23
PPD-587,Risk Analysis,4.0 units,Lecture,51514R,1.0,2:00-5:20pm,Monday,32.0,16.0,Detlof Von Winterfeldt,20223,PPD,2022,F,AY23
PPD-588,Introduction to Transportation Planning Law,2.0 units,Lecture,29813R,48.0,6:30-8:10pm,Monday,25.0,8.0,Patrick Harder,20223,PPD,2022,F,AY23
PPD-590,Directed Research,1.0-12.0 units,Lecture,51227D,1.0,TBA,,15.0,6.0,Samantha Malisos,20223,PPD,2022,F,AY23
,,,Lecture,51480D,593.0,TBA,,3.0,1.0,Dora Kingsley Vertenten,20223,PPD,2022,F,AY23
PPD-596,Internship for Curricular Practical Training,"1.0-3.0 units, max 3",Lecture,51292D,1.0,TBA,,20.0,2.0,Valerie Savior,20223,PPD,2022,F,AY23
PPD-599,Special Topics,"2.0-8.0 units, max 8",,,,,,,,,20223,PPD,2022,F,AY23
,Python for Public Policy and Management,4.0,Lecture,51279R,1.0,6:00-9:20pm,Thursday,32.0,29.0,Nicolas Duquette,20223,PPD,2022,F,AY23
,Behavioral Insights for Health Policy,4.0,Lecture,51310D,791.0,TBA,,90.0,57.0,Jason Doctor,20223,PPD,2022,F,AY23
PPD-601,Management of Long-Term Care Organizations,4.0 units,Lecture,51396R,597.0,TBA,,40.0,31.0,Kate Wilber,20223,PPD,2022,F,AY23
PPD-605,Frontline Issues in Health Services Administration and Policy,"2.0 units, max 6",Lecture,51289R,1.0,6:00-7:50pm,Thursday,30.0,27.0,Denny Hooten,20223,PPD,2022,F,AY23
PPD-616,Participatory Methods in Planning and Policy,4.0 units,Lecture,51296R,1.0,6:00-9:20pm,Tuesday,35.0,32.0,Katherine Perez,20223,PPD,2022,F,AY23
PPD-619,Smart Growth and Urban Sprawl: Policy Debates and Planning Solutions,4.0 units,Lecture,51244R,1.0,6:00-9:20pm,Wednesday,32.0,27.0,Woodie Tescher Melani Smith,20223,PPD,2022,F,AY23
PPD-621,Environmental Impacts,4.0 units,Lecture,51280R,1.0,2:00-5:20pm,Thursday,25.0,23.0,Geraldine Knatz,20223,PPD,2022,F,AY23
PPD-623,Community Development and Site Planning,4.0 units,Lecture,51512R,1.0,2:00-5:20pm,Wednesday,32.0,8.0,Elizabeth Falletta,20223,PPD,2022,F,AY23
PPD-624,Local Economic Development: Theory and Finance,4.0 units,Lecture,51235R,1.0,6:00-9:20pm,Thursday,32.0,15.0,Dion Jackson,20223,PPD,2022,F,AY23
PPD-628,Urban Planning and Social Policy,4.0 units,Lecture,51462D,593.0,TBA,,20.0,20.0,William Leach,20223,PPD,2022,F,AY23
,,,Lecture,51476D,593.0,TBA,,20.0,20.0,William Leach,20223,PPD,2022,F,AY23
PPD-631,"Geographic Information Systems for Policy, Planning, and Development",2.0 units,Lecture,51305R,790.0,TBA,,24.0,17.0,Barry Waite Bonnie Shrewsbury,20223,PPD,2022,F,AY23
PPD-634,Institutional and Policy Issues in Transportation,4.0 units,Lecture,51239R,1.0,2:00-5:20pm,Monday,32.0,31.0,Genevieve Giuliano,20223,PPD,2022,F,AY23
PPD-639,Introduction to Community and Economic Development,4.0 units,Lecture,51234R,1.0,8:30-11:50am,Wednesday,32.0,12.0,Elizabeth Halkett,20223,PPD,2022,F,AY23
PPD-643,Leading Transformations Across Sectors: Integrative Seminar,4.0 units,Lecture,51451D,533.0,-,,19.0,17.0,Paul Danczyk,20223,PPD,2022,F,AY23
PPD-644,Shaping the Built Environment,4.0 units,Lecture,51253R,1.0,6:00-9:20pm,Tuesday,35.0,35.0,Meredith Drake Reitan,20223,PPD,2022,F,AY23
PPD-647,Finance of the Public Sector,4.0 units,Lecture,51287R,1.0,6:00-9:20pm,Wednesday,24.0,24.0,Michael Thom,20223,PPD,2022,F,AY23
PPD-672,Collaborative Governance,4.0 units,Lecture,51297R,1.0,6:00-9:20pm,Thursday,24.0,22.0,Frank Zerunyan,20223,PPD,2022,F,AY23
,,,Lecture,51402D,530.0,TBA,,28.0,26.0,Jei Africa,20223,PPD,2022,F,AY23
,,,Lecture,51468D,593.0,TBA,,18.0,18.0,William Leach,20223,PPD,2022,F,AY23
,,,Lecture,51477D,593.0,TBA,,18.0,12.0,William Leach,20223,PPD,2022,F,AY23
PPD-673,Strategic Planning in the Public Sector,4.0 units,Lecture,51470D,593.0,TBA,,20.0,17.0,Tara Blanc,20223,PPD,2022,F,AY23
PPD-675,Nonprofit Management and Leadership,4.0 units,Lecture,51256R,1.0,2:00-5:20pm,Tuesday,26.0,24.0,Nicolas Duquette,20223,PPD,2022,F,AY23
PPD-680,Development of Effective Groups and Organizations,4.0 units,Lecture,51355D,785.0,2:00-5:20pm,Friday,25.0,19.0,Grace Cheng Susan Sinclair,20223,PPD,2022,F,AY23
PPD-685,Human Resources Management in Public and Non-Profit Sectors,2.0 units,Lecture,51232R,1.0,6:00-7:50pm,Wednesday,1.0,0.0,Frederick Owusu,20223,PPD,2022,F,AY23
PPD-689,The Nonprofit Sector and Philanthropy,4.0 units,Lecture,51465D,593.0,TBA,,20.0,16.0,Kelly Rawlings,20223,PPD,2022,F,AY23
,,,Lecture,51507R,1.0,2:00-5:20pm,Wednesday,26.0,22.0,Alexandra Graddy-Reed,20223,PPD,2022,F,AY23
PPD-693,Communicating Public Policy,4.0 units,Lecture,51511R,1.0,6:00-9:20pm,Monday,32.0,26.0,Lilian Coral,20223,PPD,2022,F,AY23
PPD-696,Health Care Venture Development,2.0 units,Lecture,51304R,790.0,TBA,,20.0,12.0,Susan Sinclair,20223,PPD,2022,F,AY23
PPD-706,Research Design,4.0 units,Lecture,51284D,1.0,2:00-5:20pm,Monday,10.0,6.0,Jeffery Jenkins,20223,PPD,2022,F,AY23
PPD-710a,Research Seminar,2.0 units,Lecture,51210D,1.0,6:30-8:20pm,Tuesday,8.0,8.0,Dowell Myers,20223,PPD,2022,F,AY23
PPD-712,Seminar in Public Policy,4.0 units,Lecture,51211D,1.0,2:00-5:20pm,Tuesday,10.0,8.0,Pamela Mccann,20223,PPD,2022,F,AY23
PPD-713,Advanced Planning Theory,4.0 units,Lecture,51223D,1.0,2:00-5:20pm,Tuesday,10.0,6.0,Lisa Schweitzer,20223,PPD,2022,F,AY23
PPD-716,"Econometrics for Policy, Planning and Management I",4.0 units,Lecture,51293D,1.0,2:00-5:20pm,Thursday,15.0,12.0,Nicolas Duquette,20223,PPD,2022,F,AY23
PPD-790,Research,"1.0-12.0 units, max 18",Lecture,51203D,1.0,TBA,,25.0,10.0,Samantha Malisos,20223,PPD,2022,F,AY23
PPD-794a,Doctoral Dissertation,2.0 units,Lecture,51257D,1.0,TBA,,14.0,11.0,Juliet Musso,20223,PPD,2022,F,AY23
PPD-794b,Doctoral Dissertation,2.0 units,Lecture,51258D,1.0,TBA,,14.0,0.0,Juliet Musso,20223,PPD,2022,F,AY23
PPD-794c,Doctoral Dissertation,2.0 units,Lecture,51259D,1.0,TBA,,14.0,11.0,Juliet Musso,20223,PPD,2022,F,AY23
PPD-794d,Doctoral Dissertation,2.0 units,Lecture,51260D,1.0,TBA,,10.0,1.0,Juliet Musso,20223,PPD,2022,F,AY23
PPD-794z,Doctoral Dissertation,0.0 units,Lecture,51261D,1.0,TBA,,16.0,15.0,Juliet Musso,20223,PPD,2022,F,AY23
PPDE-505,Professional Workshop in Public Administration,2.0 units,Lecture,50909D,1.0,6:00-7:50pm,Thursday,25.0,22.0,Laura Wittcoff,20223,PPDE,2022,F,AY23
PPDE-506,Professional Residency in Public Administration,1.0 unit,Lecture,51072D,596.0,-,,30.0,20.0,Dora Kingsley Vertenten,20223,PPDE,2022,F,AY23
PPDE-612,Consulting in Healthcare Organizations,2.0 units,Lecture,50902R,1.0,6:00-8:20pm,Thursday,30.0,10.0,Philip Dalton,20223,PPDE,2022,F,AY23
PPDE-628,Introduction to Lean Health Care,2.0 units,Lecture,51054R,790.0,TBA,,25.0,18.0,Trent Lim,20223,PPDE,2022,F,AY23
PPDE-630,Community Health Planning,4.0 units,Lecture,50903R,1.0,2:00-5:20pm,Tuesday,20.0,18.0,David Sloane,20223,PPDE,2022,F,AY23
PPDE-636,Urban Spatial Ethnography and Critical Cartography,4.0 units,Lecture,50907D,1.0,8:30-11:50am,Wednesday,20.0,20.0,Annette Kim,20223,PPDE,2022,F,AY23
PPDE-639,Housing Dynamics for Policy and Planning,4.0 units,Lecture,50917R,1.0,2:00-5:20pm,Monday,32.0,17.0,Dowell Myers,20223,PPDE,2022,F,AY23
PPDE-640,"Climate, Sustainability and Environmental Planning",4.0 units,Lecture,50923R,1.0,2:00-5:20pm,Monday,40.0,36.0,Santina Contreras,20223,PPDE,2022,F,AY23
PPDE-645,Financial Management of Nonprofit Organizations,4.0 units,Lecture,50908R,1.0,6:00-9:20pm,Wednesday,34.0,23.0,James Siegrist,20223,PPDE,2022,F,AY23
PPDE-646,Grant Writing Practicum,2.0 units,Lecture,51052R,790.0,-,,26.0,0.0,,20223,PPDE,2022,F,AY23
PPDE-649,"International Development NGOs: Theory, Policy and Manageme",4.0 units,Lecture,50914R,1.0,6:00-9:20pm,Monday,9.0,0.0,Rym Kaki,20223,PPDE,2022,F,AY23
PPDE-660,Environmental Policy Design and Analysis,4.0 units,Lecture,50919R,1.0,12:00-1:50pm,"Tue, Thu",32.0,19.0,Adam Rose,20223,PPDE,2022,F,AY23
PPDE-668,Applied Econometrics for Program Evaluation,4.0 units,Lecture,50912D,1.0,2:00-5:20pm,Wednesday,32.0,29.0,T.J. Mccarthy,20223,PPDE,2022,F,AY23
PPDE-669,U.S. Education Policy,4.0 units,Lecture,50922R,1.0,2:00-5:20pm,Thursday,32.0,9.0,Julie Marsh,20223,PPDE,2022,F,AY23
PPDE-687,Urban Economics,4.0 units,Lecture,26277D,1.0,9:00-12:20pm,Wednesday,15.0,6.0,Paulina Oliva,20223,PPDE,2022,F,AY23
PLUS-650,Public Policy and Globalization,4.0 units,Lecture,51540D,1.0,-,,18.0,10.0,Eric Heikkila,20223,PLUS,2022,F,AY23
PLUS-660,Economics of a Productive Development - A Public/Private Perspective,3.0 units,Lecture,51541D,919.0,5:30-6:45pm,Wednesday,25.0,11.0,Sherry Okun-Rudnak,20223,PLUS,2022,F,AY23
PLUS-661,Politics and Process of Urban Development,2.0 units,Lecture,51542D,919.0,5:30-6:30pm,Tuesday,25.0,11.0,Clifford Graves,20223,PLUS,2022,F,AY23
PLUS-662,Planning and Development Case Study,1.0 unit,Lecture,51530D,545.0,-,,25.0,10.0,Sherry Okun-Rudnak,20223,PLUS,2022,F,AY23
PLUS-663,Designing Livable Environments I,1.0 unit,Lecture,51531D,545.0,-,,25.0,10.0,Elizabeth Falletta,20223,PLUS,2022,F,AY23
PLUS-664,Urban Political Economy and Urban Development,2.0 units,Lecture,51543D,919.0,-,,25.0,0.0,,20223,PLUS,2022,F,AY23
PLUS-665,Economics for a Productive City,3.0 units,Lecture,51544D,919.0,-,,25.0,0.0,Eric Heikkila,20223,PLUS,2022,F,AY23
PLUS-667,Effective Engagement with Stakeholders,3.0 units,Lecture,51550D,919.0,5:30-6:45pm,Thursday,25.0,7.0,Katherine Cole,20223,PLUS,2022,F,AY23
PLUS-668,Big Data for Planning and Development,2.0 units,Lecture,51551D,919.0,5:30-6:30pm,Wednesday,25.0,7.0,Kevin Kane,20223,PLUS,2022,F,AY23
PLUS-669,Designing Livable Environments II,1.0 unit,Lecture,51532D,545.0,-,,25.0,8.0,Meaghan Pohl,20223,PLUS,2022,F,AY23
PLUS-670,Communicating Data for Planning and Development,1.0 unit,Lecture,51533D,545.0,-,,25.0,8.0,Andrzej Rutkowski,20223,PLUS,2022,F,AY23
PLUS-671,Leading a Collaborative City,3.0 units,Lecture,51553D,919.0,5:30-7:00pm,Monday,25.0,11.0,Frank Zerunyan,20223,PLUS,2022,F,AY23
PLUS-672,Integrating Concepts for Action,2.0 units,Lecture,51554D,919.0,5:30-6:30pm,Tuesday,25.0,10.0,Jason Neville,20223,PLUS,2022,F,AY23
PLUS-694a,"Planning, Design and Development Professional Dissertation",2.0 units,Lecture,51545D,1.0,TBA,,20.0,4.0,Juliet Musso,20223,PLUS,2022,F,AY23
PLUS-694b,"Planning, Design and Development Professional Dissertation",2.0 units,Lecture,51546D,1.0,TBA,,20.0,0.0,Juliet Musso,20223,PLUS,2022,F,AY23
PLUS-694c,"Planning, Design and Development Professional Dissertation",2.0 units,Lecture,51547D,1.0,TBA,,20.0,5.0,Juliet Musso,20223,PLUS,2022,F,AY23
PLUS-694d,"Planning, Design and Development Professional Dissertation",2.0 units,Lecture,51548D,1.0,TBA,,20.0,0.0,Juliet Musso,20223,PLUS,2022,F,AY23
PLUS-694z,"Planning, Design and Development Professional Dissertation",0.0 units,Lecture,51549D,1.0,TBA,,20.0,4.0,Juliet Musso,20223,PLUS,2022,F,AY23
RED-200,Introduction to Real Estate,4.0 units,Lecture,51667R,1.0,4:00-5:50pm,"Tue, Thu",65.0,64.0,Christian Redfearn,20223,RED,2022,F,AY23
,,,Lecture,51668R,1.0,10:00-11:50am,"Mon, Wed",101.0,99.0,John Loper,20223,RED,2022,F,AY23
,,,Lecture,51670R,1.0,6:00-9:20pm,Monday,30.0,30.0,John Drachman,20223,RED,2022,F,AY23
RED-201,Real Estate Career Seminar,2.0 units,Lecture,51681D,1.0,6:00-7:50pm,Wednesday,30.0,31.0,Sonia Savoulian,20223,RED,2022,F,AY23
,,,Lecture,51682D,1.0,10:00-11:50am,Friday,25.0,0.0,,20223,RED,2022,F,AY23
RED-325,Introduction to Finance in Cities,4.0 units,Lecture,51669R,1.0,2:00-3:50pm,"Mon, Wed",40.0,23.0,John Loper,20223,RED,2022,F,AY23
RED-362,Real Estate Development Fundamentals,4.0 units,Lecture,51651R,1.0,10:00-11:50am,"Tue, Thu",66.0,64.0,Mary Lynne Boorn,20223,RED,2022,F,AY23
RED-375,Real Estate Development Analysis,4.0 units,Lecture,51644R,1.0,12:00-1:50pm,"Mon, Wed",25.0,27.0,Moussa Diop,20223,RED,2022,F,AY23
,,,Lecture,51650R,1.0,6:00-9:20pm,Monday,25.0,25.0,John Loper,20223,RED,2022,F,AY23
,,,Lecture,51652R,1.0,8:00-9:50am,"Mon, Wed",25.0,21.0,Moussa Diop,20223,RED,2022,F,AY23
RED-398,Shaping Cities Through Real Estate,"2.0-4.0 units, max 8",,,,,,,,,20223,RED,2022,F,AY23
,Residential Properties,4.0,Lecture,51662R,1.0,6:00-9:20pm,Monday,35.0,35.0,Aleks Baharlo,20223,RED,2022,F,AY23
,Retail Properties,4.0,Lecture,51663R,1.0,6:00-9:20pm,Thursday,32.0,33.0,Bret Nielsen,20223,RED,2022,F,AY23
RED-417,History of Planning and Development,4.0 units,Lecture,51654R,1.0,10:00-11:50am,"Tue, Thu",40.0,38.0,Cara Mullio,20223,RED,2022,F,AY23
,,,Lecture,51666R,1.0,6:00-9:20pm,Wednesday,30.0,0.0,,20223,RED,2022,F,AY23
RED-425,Designing Livable Communities,4.0 units,Lecture,51656R,1.0,12:00-1:50pm,"Mon, Wed",25.0,24.0,Elizabeth Falletta,20223,RED,2022,F,AY23
,,,Lecture,51657R,1.0,6:00-9:20pm,Monday,25.0,25.0,Naomi Neville,20223,RED,2022,F,AY23
,,,Lecture,51664R,1.0,6:00-9:20pm,Thursday,25.0,22.0,Catherine Saez,20223,RED,2022,F,AY23
RED-435,Analyzing Real Estate Markets,4.0 units,Lecture,51658R,1.0,8:30-11:50am,Friday,25.0,23.0,Mark Zikakis,20223,RED,2022,F,AY23
,,,Lecture,51659R,1.0,2:00-3:50pm,"Tue, Thu",25.0,27.0,Mary Lynne Boorn,20223,RED,2022,F,AY23
RED-437,Advanced Finance and Investment for Real Estate Development,4.0 units,Lecture,51660R,1.0,6:00-9:20pm,Tuesday,19.0,19.0,Christian Redfearn,20223,RED,2022,F,AY23
,,,Lecture,51665R,1.0,2:00-3:50pm,"Tue, Thu",18.0,15.0,Spencer Couts,20223,RED,2022,F,AY23
RED-490,Directed Research,"1.0-8.0 units, max 12",Lecture,51661D,1.0,TBA,,10.0,0.0,Samantha Malisos,20223,RED,2022,F,AY23
RED-509,Market Analysis for Real Estate,4.0 units,Lecture,51600D,38.0,6:00-9:20pm,Tuesday,35.0,29.0,Mary Lynne Boorn,20223,RED,2022,F,AY23
RED-510,Real Estate Practice and Principles,4.0 units,Lecture,51602R,38.0,6:00-9:20pm,Monday,30.0,25.0,Joel Bryant,20223,RED,2022,F,AY23
RED-511,Foundations of Real Estate Analysis,4.0 units,Lecture,51603R,38.0,6:00-9:20pm,Monday,30.0,18.0,Ben Feingold,20223,RED,2022,F,AY23
RED-542,Finance of Real Estate Development,3.0 units,Lecture,51605D,38.0,6:00-8:50pm,Thursday,20.0,18.0,Spencer Couts,20223,RED,2022,F,AY23
,,,Lab,51606R,38.0,2:00-3:50pm,Thursday,20.0,18.0,Iain Gulin,20223,RED,2022,F,AY23
RED-544,Real Estate Capital Markets,2.0 units,Lecture,51607D,38.0,6:30-8:20pm,Wednesday,35.0,24.0,Shlomi Ronen,20223,RED,2022,F,AY23
RED-562,Legal Issues in Real Estate Development,4.0 units,Lecture,51609D,38.0,8:00-11:20am,Monday,20.0,10.0,Keith Allen-Niesen,20223,RED,2022,F,AY23
RED-563,Introduction to the Asset Management of Real Estate,2.0 units,Lecture,51610D,38.0,8:00-9:50am,Tuesday,25.0,15.0,Stanley Iezman,20223,RED,2022,F,AY23
RED-574,Building Typologies,2.0 units,Lecture,51612D,38.0,4:00-5:50pm,Wednesday,30.0,16.0,Mary Lynne Boorn,20223,RED,2022,F,AY23
,,,Lecture,51613D,38.0,6:00-7:50pm,Wednesday,12.0,12.0,Mary Lynne Boorn,20223,RED,2022,F,AY23
RED-590,Directed Research,1.0-12.0 units,Lecture,51614D,38.0,TBA,,10.0,2.0,Samantha Malisos,20223,RED,2022,F,AY23
RED-598,Real Estate Product Development,"2.0-4.0 units, max 12",,,,,,,,,20223,RED,2022,F,AY23
,Office and Industrial,2.0,Lecture,51616D,38.0,6:00-7:50pm,Monday,35.0,26.0,Seth Hiromura,20223,RED,2022,F,AY23
HMGT-520,Leading People and Health Care Organizations,4.0 units,Lecture,51710D,820.0,TBA,,20.0,15.0,Lisa Ozaeta,20223,HMGT,2022,F,AY23
,,,Lecture,51711D,820.0,TBA,,15.0,14.0,Lisa Ozaeta,20223,HMGT,2022,F,AY23
HMGT-540,"Health Economics, Financing and Reimbursement",4.0 units,Lecture,51712D,820.0,TBA,,26.0,22.0,Patrick Gless,20223,HMGT,2022,F,AY23
,,,Lecture,51713D,820.0,-,,10.0,0.0,Stanley Augustine,20223,HMGT,2022,F,AY23
HMGT-570,Strategic Management,4.0 units,Lecture,51714D,820.0,TBA,,15.0,11.0,Michael Nichol,20223,HMGT,2022,F,AY23
,,,Lecture,51715D,820.0,TBA,,15.0,13.0,Wayne Sass,20223,HMGT,2022,F,AY23
HMGT-575,Managing and Improving Health,4.0 units,Lecture,51722D,820.0,-,,15.0,12.0,Glenn Melnick,20223,HMGT,2022,F,AY23
,,,Lecture,51723D,820.0,TBA,,15.0,9.0,Glenn Melnick,20223,HMGT,2022,F,AY23
HMGT-600,Managing Risk,2.0 units,Lecture,51716D,820.0,TBA,,23.0,12.0,Michael Harris,20223,HMGT,2022,F,AY23
,,,Lecture,51717D,820.0,TBA,,15.0,11.0,Michael Harris,20223,HMGT,2022,F,AY23
HMGT-602,Operational Efficiency Processes in Health Care Organizations,2.0 units,Lecture,51718D,820.0,TBA,,26.0,26.0,Joseph Sierra,20223,HMGT,2022,F,AY23
,,,Lecture,51719D,820.0,TBA,,16.0,7.0,Joseph Sierra,20223,HMGT,2022,F,AY23
HMGT-603,Developing &amp; Monitoring of Quality &amp; Patient Safety Outcomes,2.0 units,Lecture,51720D,820.0,TBA,,20.0,9.0,Gary Blackard,20223,HMGT,2022,F,AY23
,,,Lecture,51721D,820.0,TBA,,16.0,12.0,Gary Blackard,20223,HMGT,2022,F,AY23
PPD-301,PPD Practices: Internship Seminar,2.0 units,Lecture,51393D,524.0,TBA,,45.0,44.0,Julia Toothacre,20222,PPD,2022,SU,AY23
PPD-490x,Directed Research,"1.0-8.0 units, max 12",Lecture,51100D,51.0,TBA,,20.0,0.0,Samantha Malisos,20222,PPD,2022,SU,AY23
,,,Lecture,51101D,50.0,TBA,,20.0,0.0,Samantha Malisos,20222,PPD,2022,SU,AY23
,,,Lecture,51107D,59.0,TBA,,15.0,0.0,Samantha Malisos,20222,PPD,2022,SU,AY23
PPD-503,Economics for Public Policy,4.0 units,Lecture,51396D,597.0,5:30-7:35pm,"Mon, Wed",56.0,53.0,T.J. Mccarthy,20222,PPD,2022,SU,AY23
,,,Lecture,51460D,593.0,TBA,,27.0,23.0,Joshua Russell-Fritch,20222,PPD,2022,SU,AY23
,,,Lecture,51461D,593.0,TBA,,27.0,24.0,Joshua Russell-Fritch,20222,PPD,2022,SU,AY23
PPD-504,Essential Statistics for Public Management,2.0 units,Lecture,51394D,523.0,6:00-8:30pm,Tuesday,35.0,35.0,Emma Aguila Vega,20222,PPD,2022,SU,AY23
,,,Lecture,51463D,593.0,TBA,,25.0,4.0,John Calanni,20222,PPD,2022,SU,AY23
PPD-511,Health Information Systems,2.0 units,Lecture,51304R,790.0,TBA,,28.0,12.0,Wayne Sass,20222,PPD,2022,SU,AY23
,,,Lecture,51775D,820.0,TBA,,20.0,11.0,Michael Palacios,20222,PPD,2022,SU,AY23
,,,Lecture,51776D,820.0,TBA,,16.0,14.0,Michael Palacios,20222,PPD,2022,SU,AY23
PPD-517,Concepts and Practices in Managing Health Care Organizations,2.0 units,Lecture,51307D,790.0,TBA,,45.0,40.0,Philip Dalton,20222,PPD,2022,SU,AY23
,,,Lecture,51308D,790.0,TBA,,45.0,42.0,Philip Dalton,20222,PPD,2022,SU,AY23
PPD-518,Quality of Care Concepts,2.0 units,Lecture,51201D,59.0,6:30-8:35pm,Tuesday,35.0,29.0,Roger Peeks,20222,PPD,2022,SU,AY23
,,,Lecture,51305D,790.0,TBA,,35.0,19.0,Amy Howell,20222,PPD,2022,SU,AY23
,,,Lecture,51306D,790.0,TBA,,35.0,27.0,Aniruddha Banerjee,20222,PPD,2022,SU,AY23
PPD-540,Fundamentals of Public Administration,4.0 units,Lecture,51464D,593.0,TBA,,30.0,18.0,Tara Blanc,20222,PPD,2022,SU,AY23
,,,Lecture,51465D,593.0,-,,20.0,0.0,,20222,PPD,2022,SU,AY23
PPD-541,Public Financial Management and Budgeting,4.0 units,Lecture,51466D,593.0,TBA,,25.0,17.0,Juliet Musso,20222,PPD,2022,SU,AY23
,,,Lecture,51467D,593.0,TBA,,25.0,15.0,Steve Shea,20222,PPD,2022,SU,AY23
PPD-543,Internship Seminar,1.0 unit,Lecture,51274D,593.0,-,,10.0,0.0,Dominic Alletto,20222,PPD,2022,SU,AY23
PPD-546,Capstone in Public Administration,4.0 units,Lecture,51302D,790.0,TBA,,20.0,15.0,Peter Robertson,20222,PPD,2022,SU,AY23
,,,Lecture,51470D,593.0,TBA,,25.0,18.0,John Calanni,20222,PPD,2022,SU,AY23
,,,Lecture,51471D,593.0,TBA,,25.0,19.0,Adam James,20222,PPD,2022,SU,AY23
PPD-554,Foundations of Policy Analysis,4.0 units,Lecture,51404D,530.0,TBA,,30.0,27.0,Lois Takahashi,20222,PPD,2022,SU,AY23
,,,Lecture,51472D,593.0,TBA,,30.0,24.0,Coral Andrews,20222,PPD,2022,SU,AY23
PPD-555,Public Policy Formulation and Implementation,4.0 units,Lecture,51473D,593.0,TBA,,20.0,10.0,Matthew Wheeler,20222,PPD,2022,SU,AY23
PPD-589,Port Engineering: Planning and Operational Analysis,4.0 units,Lecture,29607R,237.0,9:00-5:00pm,UFS,14.0,12.0,Hanh Le-Griffin,20222,PPD,2022,SU,AY23
PPD-590,Directed Research,1.0-12.0 units,Lecture,51204D,50.0,TBA,,10.0,1.0,Samantha Malisos,20222,PPD,2022,SU,AY23
,,,Lecture,51209D,59.0,TBA,,10.0,7.0,Samantha Malisos,20222,PPD,2022,SU,AY23
,,,Lecture,51213D,51.0,TBA,,10.0,0.0,Samantha Malisos,20222,PPD,2022,SU,AY23
PPD-596,Internship for Curricular Practical Training,"1.0-3.0 units, max 3",Lecture,51212D,59.0,TBA,,20.0,3.0,Valerie Savior,20222,PPD,2022,SU,AY23
PPD-642,Strategic Leadership of Organizations,4.0 units,Lecture,51451D,533.0,-,,24.0,18.0,Carol Geffner,20222,PPD,2022,SU,AY23
PPD-658,Advocacy in Public Administration,4.0 units,Lecture,51402D,530.0,TBA,,28.0,21.0,Matthew Wheeler,20222,PPD,2022,SU,AY23
PPD-673,Strategic Planning in the Public Sector,4.0 units,Lecture,51303R,790.0,-,,28.0,27.0,Donald Morgan,20222,PPD,2022,SU,AY23
PPD-684,Leadership Development in the Public and Nonprofit Sectors,2.0 units,Lecture,51207R,59.0,6:00-8:05pm,Thursday,25.0,11.0,Frederick Owusu,20222,PPD,2022,SU,AY23
PPD-688,Business and Public Policy,4.0 units,Lecture,51200R,59.0,5:00-9:35pm,Thursday,5.0,11.0,Michael Thom,20222,PPD,2022,SU,AY23
PPD-790,Research,"1.0-12.0 units, max 18",Lecture,51299D,59.0,TBA,,15.0,13.0,Samantha Malisos,20222,PPD,2022,SU,AY23
PPDE-506,Professional Residency in Public Administration,1.0 unit,Lecture,51072D,596.0,TBA,,25.0,19.0,Nicolle Halbur Joseph Briglio,20222,PPDE,2022,SU,AY23
,,,Lecture,51073D,596.0,TBA,,20.0,0.0,Nicolle Halbur Joseph Briglio,20222,PPDE,2022,SU,AY23
PPDE-507,Capstone Residency in Public Administration,1.0 unit,Lecture,51074D,598.0,TBA,,24.0,24.0,John Calanni Tara Blanc,20222,PPDE,2022,SU,AY23
,,,Lecture,51075D,598.0,TBA,,24.0,19.0,John Calanni Tara Blanc,20222,PPDE,2022,SU,AY23
,,,Lecture,51076D,598.0,TBA,,24.0,20.0,Tara Blanc John Calanni,20222,PPDE,2022,SU,AY23
,,,Lecture,51077D,598.0,TBA,,24.0,16.0,Tara Blanc John Calanni,20222,PPDE,2022,SU,AY23
PPDE-628,Introduction to Lean Health Care,2.0 units,Lecture,51052D,790.0,TBA,,30.0,30.0,Trent Lim,20222,PPDE,2022,SU,AY23
PLUS-664,Urban Political Economy and Urban Development,2.0 units,Lecture,51553D,919.0,5:30-6:30pm,Thursday,25.0,7.0,Donald Spivack,20222,PLUS,2022,SU,AY23
PLUS-665,Economics for a Productive City,3.0 units,Lecture,51554D,919.0,6:30-6:45pm,Monday,25.0,7.0,Ralph Mclaughlin,20222,PLUS,2022,SU,AY23
PLUS-667,Effective Engagement with Stakeholders,3.0 units,Lecture,51555D,919.0,5:30-6:45pm,Wednesday,25.0,10.0,Katherine Perez,20222,PLUS,2022,SU,AY23
PLUS-668,Big Data for Planning and Development,2.0 units,Lecture,51556D,919.0,5:30-6:30pm,Tuesday,25.0,11.0,John Cho,20222,PLUS,2022,SU,AY23
RED-437,Advanced Finance and Investment for Real Estate Development,4.0 units,Lecture,51650R,55.0,6:00-9:20pm,"Mon, Wed",26.0,24.0,Brian Miller,20222,RED,2022,SU,AY23
RED-541,Finance Fundamentals for Real Estate Development,2.0 units,Lecture,51600D,531.0,6:00-8:50pm,Monday,20.0,11.0,Terri Dickerhoff,20222,RED,2022,SU,AY23
RED-542,Finance of Real Estate Development,3.0 units,Lecture,51602D,531.0,2:00-3:50pm,"Mon, Wed",30.0,4.0,Christian Redfearn,20222,RED,2022,SU,AY23
,,,Lab,51603R,531.0,4:00-5:50pm,Wednesday,30.0,4.0,Iain Gulin,20222,RED,2022,SU,AY23
RED-547,Project Management and Construction,2.0 units,Lecture,51604D,531.0,6:00-8:50pm,Wednesday,25.0,10.0,Dennis Watsabaugh,20222,RED,2022,SU,AY23
,,,Lecture,51605D,531.0,6:00-8:50pm,Tuesday,25.0,13.0,Dennis Watsabaugh,20222,RED,2022,SU,AY23
RED-551,The Approval Process,4.0 units,Lecture,51606D,531.0,6:00-8:50pm,"Tue, Thu",25.0,23.0,Nicole Kuklok-Waldman Donna Tripp,20222,RED,2022,SU,AY23
RED-573,Design History and Criticism,2.0 units,Lecture,51607D,531.0,2:00-4:50pm,Tuesday,26.0,16.0,Nicholas Zaharov,20222,RED,2022,SU,AY23
,,,Lecture,51608D,531.0,6:00-8:50pm,Wednesday,15.0,9.0,Nicholas Zaharov,20222,RED,2022,SU,AY23
RED-590,Directed Research,1.0-12.0 units,Lecture,51610D,531.0,TBA,,10.0,2.0,Christian Redfearn,20222,RED,2022,SU,AY23
HMGT-512,Information Technology and Patient Engagement,2.0 units,Lecture,51710D,820.0,TBA,,28.0,26.0,Darryl Brown,20222,HMGT,2022,SU,AY23
,,,Lecture,51711D,820.0,TBA,,25.0,11.0,Darryl Brown,20222,HMGT,2022,SU,AY23
HMGT-520,Leading People and Health Care Organizations,4.0 units,Lecture,51712D,820.0,TBA,,15.0,9.0,Lisa Ozaeta,20222,HMGT,2022,SU,AY23
HMGT-570,Strategic Management,4.0 units,Lecture,51714D,820.0,TBA,,25.0,22.0,Stanley Augustine,20222,HMGT,2022,SU,AY23
,,,Lecture,51715D,820.0,TBA,,15.0,11.0,Gary Blackard,20222,HMGT,2022,SU,AY23
HMGT-600,Managing Risk,2.0 units,Lecture,51716D,820.0,TBA,,27.0,20.0,Santos Vera Jr.,20222,HMGT,2022,SU,AY23
HMGT-601,Operations Management for Accountability,4.0 units,Lecture,51718D,820.0,TBA,,30.0,24.0,Victor Pena,20222,HMGT,2022,SU,AY23
,,,Lecture,51719D,820.0,TBA,,18.0,17.0,Michael Harris,20222,HMGT,2022,SU,AY23
HMGT-603,Developing &amp; Monitoring of Quality &amp; Patient Safety Outcomes,2.0 units,Lecture,51720D,820.0,TBA,,27.0,22.0,Sean Johnson,20222,HMGT,2022,SU,AY23
,,,Lecture,51721D,820.0,TBA,,16.0,15.0,Sean Johnson,20222,HMGT,2022,SU,AY23
